:START_ID,:END_ID,:TYPE
1,2,CONTAINS
1,3,CONTAINS
1,4,CONTAINS
4,5,HAS_PARAM
1,6,CONTAINS
1,7,ILLUSTRATES
8,9,CONTAINS
9,10,HAS_PARAM
9,11,HAS_PARAM
9,12,HAS_PARAM
8,13,CONTAINS
13,14,HAS_PARAM
13,15,HAS_PARAM
13,16,HAS_PARAM
8,17,CONTAINS
17,18,HAS_PARAM
17,19,HAS_PARAM
17,20,HAS_PARAM
8,21,CONTAINS
21,22,HAS_PARAM
21,23,HAS_PARAM
8,24,CONTAINS
24,25,HAS_PARAM
24,26,HAS_PARAM
24,27,HAS_PARAM
8,28,CONTAINS
28,29,HAS_PARAM
28,30,HAS_PARAM
28,31,HAS_PARAM
8,32,CONTAINS
32,33,HAS_PARAM
32,34,HAS_PARAM
8,35,CONTAINS
35,36,HAS_PARAM
35,37,HAS_PARAM
8,38,CONTAINS
38,39,HAS_PARAM
38,40,HAS_PARAM
8,41,ILLUSTRATES
8,42,ILLUSTRATES
43,44,CONTAINS
43,45,CONTAINS
45,46,HAS_PARAM
45,47,HAS_PARAM
43,48,CONTAINS
48,49,HAS_PARAM
43,50,CONTAINS
50,51,HAS_PARAM
43,52,CONTAINS
52,53,HAS_PARAM
52,54,HAS_PARAM
43,55,CONTAINS
55,56,HAS_PARAM
43,57,CONTAINS
57,58,HAS_PARAM
57,59,HAS_PARAM
60,61,CONTAINS
61,62,HAS_PARAM
61,63,HAS_PARAM
61,64,HAS_PARAM
61,65,HAS_PARAM
60,66,CONTAINS
66,67,HAS_PARAM
66,68,HAS_PARAM
66,69,HAS_PARAM
66,70,HAS_PARAM
60,71,CONTAINS
71,72,HAS_PARAM
60,73,CONTAINS
73,74,HAS_PARAM
73,75,HAS_PARAM
73,76,HAS_PARAM
73,77,HAS_PARAM
78,79,CONTAINS
78,80,CONTAINS
78,81,CONTAINS
78,82,CONTAINS
78,83,CONTAINS
83,84,HAS_PARAM
83,85,HAS_PARAM
83,86,HAS_PARAM
78,87,CONTAINS
87,88,HAS_PARAM
78,89,CONTAINS
78,90,CONTAINS
90,91,HAS_PARAM
90,92,HAS_PARAM
90,93,HAS_PARAM
78,94,CONTAINS
94,95,HAS_PARAM
78,96,CONTAINS
96,97,HAS_PARAM
78,98,CONTAINS
78,99,CONTAINS
78,100,CONTAINS
100,101,HAS_PARAM
78,102,CONTAINS
102,103,HAS_PARAM
78,104,CONTAINS
104,105,HAS_PARAM
104,106,HAS_PARAM
78,107,CONTAINS
107,108,HAS_PARAM
107,109,HAS_PARAM
78,110,CONTAINS
110,111,HAS_PARAM
78,112,CONTAINS
78,113,CONTAINS
78,114,CONTAINS
78,115,CONTAINS
116,117,CONTAINS
116,118,CONTAINS
118,119,HAS_PARAM
118,120,HAS_PARAM
118,121,HAS_PARAM
116,122,CONTAINS
122,123,HAS_PARAM
122,124,HAS_PARAM
122,125,HAS_PARAM
122,126,HAS_PARAM
122,127,HAS_PARAM
122,128,HAS_PARAM
122,129,HAS_PARAM
122,130,HAS_PARAM
122,131,HAS_PARAM
116,132,CONTAINS
132,133,HAS_PARAM
132,134,HAS_PARAM
116,135,ILLUSTRATES
116,136,ILLUSTRATES
116,137,ILLUSTRATES
138,139,CONTAINS
139,140,HAS_PARAM
139,141,HAS_PARAM
139,142,HAS_PARAM
139,143,HAS_PARAM
139,144,HAS_PARAM
139,145,HAS_PARAM
139,146,HAS_PARAM
139,147,HAS_PARAM
139,148,HAS_PARAM
149,150,CONTAINS
150,151,HAS_PARAM
150,152,HAS_PARAM
150,153,HAS_PARAM
150,154,HAS_PARAM
149,155,CONTAINS
155,156,HAS_PARAM
149,157,CONTAINS
157,158,HAS_PARAM
157,159,HAS_PARAM
157,160,HAS_PARAM
149,161,CONTAINS
161,162,HAS_PARAM
161,163,HAS_PARAM
161,164,HAS_PARAM
149,165,CONTAINS
165,166,HAS_PARAM
165,167,HAS_PARAM
165,168,HAS_PARAM
165,169,HAS_PARAM
149,170,CONTAINS
170,171,HAS_PARAM
170,172,HAS_PARAM
170,173,HAS_PARAM
149,174,CONTAINS
174,175,HAS_PARAM
149,176,CONTAINS
176,177,HAS_PARAM
149,178,CONTAINS
178,179,HAS_PARAM
178,180,HAS_PARAM
178,181,HAS_PARAM
182,183,CONTAINS
183,184,HAS_PARAM
183,185,HAS_PARAM
183,186,HAS_PARAM
183,187,HAS_PARAM
182,188,CONTAINS
188,189,HAS_PARAM
188,190,HAS_PARAM
188,191,HAS_PARAM
188,192,HAS_PARAM
188,193,HAS_PARAM
188,194,HAS_PARAM
188,195,HAS_PARAM
182,196,CONTAINS
196,197,HAS_PARAM
196,198,HAS_PARAM
196,199,HAS_PARAM
196,200,HAS_PARAM
196,201,HAS_PARAM
182,202,CONTAINS
202,203,HAS_PARAM
202,204,HAS_PARAM
202,205,HAS_PARAM
182,206,CONTAINS
206,207,HAS_PARAM
206,208,HAS_PARAM
206,209,HAS_PARAM
182,210,CONTAINS
210,211,HAS_PARAM
210,212,HAS_PARAM
182,213,CONTAINS
213,214,HAS_PARAM
213,215,HAS_PARAM
213,216,HAS_PARAM
213,217,HAS_PARAM
213,218,HAS_PARAM
182,219,CONTAINS
219,220,HAS_PARAM
219,221,HAS_PARAM
219,222,HAS_PARAM
219,223,HAS_PARAM
219,224,HAS_PARAM
182,225,CONTAINS
225,226,HAS_PARAM
225,227,HAS_PARAM
225,228,HAS_PARAM
182,229,CONTAINS
229,230,HAS_PARAM
229,231,HAS_PARAM
229,232,HAS_PARAM
182,233,CONTAINS
233,234,HAS_PARAM
233,235,HAS_PARAM
233,236,HAS_PARAM
233,237,HAS_PARAM
182,238,CONTAINS
238,239,HAS_PARAM
238,240,HAS_PARAM
238,241,HAS_PARAM
238,242,HAS_PARAM
182,243,CONTAINS
243,244,HAS_PARAM
243,245,HAS_PARAM
243,246,HAS_PARAM
243,247,HAS_PARAM
182,248,CONTAINS
248,249,HAS_PARAM
248,250,HAS_PARAM
248,251,HAS_PARAM
248,252,HAS_PARAM
248,253,HAS_PARAM
248,254,HAS_PARAM
182,255,CONTAINS
255,256,HAS_PARAM
255,257,HAS_PARAM
255,258,HAS_PARAM
182,259,CONTAINS
259,260,HAS_PARAM
259,261,HAS_PARAM
259,262,HAS_PARAM
259,263,HAS_PARAM
182,264,CONTAINS
264,265,HAS_PARAM
264,266,HAS_PARAM
264,267,HAS_PARAM
264,268,HAS_PARAM
264,269,HAS_PARAM
264,270,HAS_PARAM
182,271,CONTAINS
271,272,HAS_PARAM
271,273,HAS_PARAM
271,274,HAS_PARAM
271,275,HAS_PARAM
271,276,HAS_PARAM
271,277,HAS_PARAM
182,278,CONTAINS
278,279,HAS_PARAM
278,280,HAS_PARAM
278,281,HAS_PARAM
278,282,HAS_PARAM
278,283,HAS_PARAM
278,284,HAS_PARAM
285,286,CONTAINS
286,287,HAS_PARAM
285,288,CONTAINS
288,289,HAS_PARAM
285,290,CONTAINS
285,291,CONTAINS
291,292,HAS_PARAM
285,293,CONTAINS
293,294,HAS_PARAM
285,295,CONTAINS
295,296,HAS_PARAM
295,297,HAS_PARAM
285,298,CONTAINS
298,299,HAS_PARAM
285,300,CONTAINS
300,301,HAS_PARAM
300,302,HAS_PARAM
300,303,HAS_PARAM
285,304,CONTAINS
304,305,HAS_PARAM
304,306,HAS_PARAM
304,307,HAS_PARAM
285,308,CONTAINS
285,309,CONTAINS
309,310,HAS_PARAM
285,311,CONTAINS
285,312,CONTAINS
285,313,CONTAINS
313,314,HAS_PARAM
313,315,HAS_PARAM
313,316,HAS_PARAM
313,317,HAS_PARAM
285,318,CONTAINS
285,319,CONTAINS
320,321,CONTAINS
320,322,ILLUSTRATES
320,323,ILLUSTRATES
320,324,ILLUSTRATES
320,325,ILLUSTRATES
320,326,ILLUSTRATES
320,327,ILLUSTRATES
320,328,ILLUSTRATES
320,329,ILLUSTRATES
320,330,ILLUSTRATES
320,331,ILLUSTRATES
320,332,ILLUSTRATES
320,333,ILLUSTRATES
320,334,ILLUSTRATES
320,335,ILLUSTRATES
320,336,ILLUSTRATES
337,338,CONTAINS
338,339,HAS_PARAM
338,340,HAS_PARAM
338,341,HAS_PARAM
338,342,HAS_PARAM
338,343,HAS_PARAM
337,344,CONTAINS
344,345,HAS_PARAM
344,346,HAS_PARAM
344,347,HAS_PARAM
344,348,HAS_PARAM
337,349,CONTAINS
337,350,CONTAINS
350,351,HAS_PARAM
350,352,HAS_PARAM
337,353,ILLUSTRATES
354,355,CONTAINS
354,356,CONTAINS
354,357,CONTAINS
354,358,CONTAINS
354,359,CONTAINS
359,360,HAS_PARAM
359,361,HAS_PARAM
354,362,CONTAINS
362,363,HAS_PARAM
362,364,HAS_PARAM
354,365,CONTAINS
365,366,HAS_PARAM
365,367,HAS_PARAM
368,369,CONTAINS
369,370,HAS_PARAM
369,371,HAS_PARAM
369,372,HAS_PARAM
369,373,HAS_PARAM
369,374,HAS_PARAM
369,375,HAS_PARAM
369,376,HAS_PARAM
368,377,CONTAINS
377,378,HAS_PARAM
377,379,HAS_PARAM
377,380,HAS_PARAM
377,381,HAS_PARAM
377,382,HAS_PARAM
377,383,HAS_PARAM
368,384,CONTAINS
384,385,HAS_PARAM
384,386,HAS_PARAM
384,387,HAS_PARAM
384,388,HAS_PARAM
384,389,HAS_PARAM
384,390,HAS_PARAM
384,391,HAS_PARAM
384,392,HAS_PARAM
384,393,HAS_PARAM
368,394,CONTAINS
394,395,HAS_PARAM
394,396,HAS_PARAM
394,397,HAS_PARAM
394,398,HAS_PARAM
394,399,HAS_PARAM
394,400,HAS_PARAM
394,401,HAS_PARAM
368,402,CONTAINS
402,403,HAS_PARAM
402,404,HAS_PARAM
402,405,HAS_PARAM
402,406,HAS_PARAM
402,407,HAS_PARAM
368,408,CONTAINS
408,409,HAS_PARAM
408,410,HAS_PARAM
408,411,HAS_PARAM
408,412,HAS_PARAM
408,413,HAS_PARAM
368,414,CONTAINS
414,415,HAS_PARAM
414,416,HAS_PARAM
414,417,HAS_PARAM
414,418,HAS_PARAM
414,419,HAS_PARAM
414,420,HAS_PARAM
414,421,HAS_PARAM
414,422,HAS_PARAM
368,423,CONTAINS
423,424,HAS_PARAM
423,425,HAS_PARAM
423,426,HAS_PARAM
423,427,HAS_PARAM
423,428,HAS_PARAM
423,429,HAS_PARAM
368,430,CONTAINS
430,431,HAS_PARAM
430,432,HAS_PARAM
430,433,HAS_PARAM
430,434,HAS_PARAM
430,435,HAS_PARAM
430,436,HAS_PARAM
430,437,HAS_PARAM
430,438,HAS_PARAM
430,439,HAS_PARAM
430,440,HAS_PARAM
430,441,HAS_PARAM
430,442,HAS_PARAM
430,443,HAS_PARAM
368,444,CONTAINS
444,445,HAS_PARAM
444,446,HAS_PARAM
444,447,HAS_PARAM
444,448,HAS_PARAM
444,449,HAS_PARAM
444,450,HAS_PARAM
368,451,CONTAINS
451,452,HAS_PARAM
451,453,HAS_PARAM
451,454,HAS_PARAM
451,455,HAS_PARAM
368,456,CONTAINS
456,457,HAS_PARAM
456,458,HAS_PARAM
456,459,HAS_PARAM
456,460,HAS_PARAM
456,461,HAS_PARAM
456,462,HAS_PARAM
456,463,HAS_PARAM
368,464,CONTAINS
464,465,HAS_PARAM
368,466,CONTAINS
466,467,HAS_PARAM
466,468,HAS_PARAM
368,469,CONTAINS
469,470,HAS_PARAM
469,471,HAS_PARAM
469,472,HAS_PARAM
469,473,HAS_PARAM
469,474,HAS_PARAM
368,475,CONTAINS
475,476,HAS_PARAM
475,477,HAS_PARAM
475,478,HAS_PARAM
475,479,HAS_PARAM
475,480,HAS_PARAM
475,481,HAS_PARAM
368,482,CONTAINS
482,483,HAS_PARAM
482,484,HAS_PARAM
482,485,HAS_PARAM
482,486,HAS_PARAM
482,487,HAS_PARAM
482,488,HAS_PARAM
482,489,HAS_PARAM
368,490,CONTAINS
490,491,HAS_PARAM
490,492,HAS_PARAM
490,493,HAS_PARAM
490,494,HAS_PARAM
490,495,HAS_PARAM
490,496,HAS_PARAM
368,497,ILLUSTRATES
498,499,CONTAINS
499,500,HAS_PARAM
499,501,HAS_PARAM
499,502,HAS_PARAM
499,503,HAS_PARAM
498,504,CONTAINS
504,505,HAS_PARAM
504,506,HAS_PARAM
504,507,HAS_PARAM
504,508,HAS_PARAM
504,509,HAS_PARAM
504,510,HAS_PARAM
504,511,HAS_PARAM
504,512,HAS_PARAM
504,513,HAS_PARAM
504,514,HAS_PARAM
498,515,CONTAINS
515,516,HAS_PARAM
515,517,HAS_PARAM
515,518,HAS_PARAM
515,519,HAS_PARAM
515,520,HAS_PARAM
498,521,CONTAINS
521,522,HAS_PARAM
521,523,HAS_PARAM
498,524,CONTAINS
498,525,CONTAINS
498,526,CONTAINS
498,527,CONTAINS
498,528,CONTAINS
528,529,HAS_PARAM
528,530,HAS_PARAM
498,531,CONTAINS
498,532,CONTAINS
498,533,CONTAINS
498,534,CONTAINS
534,535,HAS_PARAM
498,536,CONTAINS
536,537,HAS_PARAM
498,538,CONTAINS
538,539,HAS_PARAM
538,540,HAS_PARAM
538,541,HAS_PARAM
538,542,HAS_PARAM
498,543,CONTAINS
543,544,HAS_PARAM
543,545,HAS_PARAM
498,546,CONTAINS
546,547,HAS_PARAM
546,548,HAS_PARAM
498,549,CONTAINS
549,550,HAS_PARAM
498,551,CONTAINS
498,552,CONTAINS
498,553,CONTAINS
553,554,HAS_PARAM
498,555,CONTAINS
555,556,HAS_PARAM
555,557,HAS_PARAM
555,558,HAS_PARAM
555,559,HAS_PARAM
555,560,HAS_PARAM
555,561,HAS_PARAM
555,562,HAS_PARAM
555,563,HAS_PARAM
555,564,HAS_PARAM
555,565,HAS_PARAM
555,566,HAS_PARAM
555,567,HAS_PARAM
555,568,HAS_PARAM
498,569,CONTAINS
569,570,HAS_PARAM
569,571,HAS_PARAM
569,572,HAS_PARAM
569,573,HAS_PARAM
498,574,CONTAINS
498,575,CONTAINS
498,576,CONTAINS
498,577,CONTAINS
498,578,CONTAINS
580,581,CONTAINS
581,582,HAS_PARAM
581,583,HAS_PARAM
581,584,HAS_PARAM
581,585,HAS_PARAM
581,586,HAS_PARAM
581,587,HAS_PARAM
581,588,HAS_PARAM
581,589,HAS_PARAM
581,590,HAS_PARAM
581,591,HAS_PARAM
580,592,CONTAINS
592,593,HAS_PARAM
592,594,HAS_PARAM
592,595,HAS_PARAM
592,596,HAS_PARAM
592,597,HAS_PARAM
592,598,HAS_PARAM
592,599,HAS_PARAM
592,600,HAS_PARAM
592,601,HAS_PARAM
592,602,HAS_PARAM
592,603,HAS_PARAM
592,604,HAS_PARAM
580,605,CONTAINS
605,606,HAS_PARAM
605,607,HAS_PARAM
605,608,HAS_PARAM
605,609,HAS_PARAM
605,610,HAS_PARAM
605,611,HAS_PARAM
605,612,HAS_PARAM
605,613,HAS_PARAM
605,614,HAS_PARAM
605,615,HAS_PARAM
605,616,HAS_PARAM
605,617,HAS_PARAM
580,618,CONTAINS
618,619,HAS_PARAM
618,620,HAS_PARAM
618,621,HAS_PARAM
618,622,HAS_PARAM
618,623,HAS_PARAM
618,624,HAS_PARAM
618,625,HAS_PARAM
618,626,HAS_PARAM
580,627,CONTAINS
627,628,HAS_PARAM
627,629,HAS_PARAM
627,630,HAS_PARAM
627,631,HAS_PARAM
627,632,HAS_PARAM
627,633,HAS_PARAM
627,634,HAS_PARAM
580,635,CONTAINS
635,636,HAS_PARAM
635,637,HAS_PARAM
635,638,HAS_PARAM
635,639,HAS_PARAM
635,640,HAS_PARAM
635,641,HAS_PARAM
580,642,CONTAINS
642,643,HAS_PARAM
642,644,HAS_PARAM
642,645,HAS_PARAM
642,646,HAS_PARAM
642,647,HAS_PARAM
642,648,HAS_PARAM
642,649,HAS_PARAM
580,650,CONTAINS
650,651,HAS_PARAM
650,652,HAS_PARAM
650,653,HAS_PARAM
650,654,HAS_PARAM
650,655,HAS_PARAM
650,656,HAS_PARAM
650,657,HAS_PARAM
580,658,CONTAINS
658,659,HAS_PARAM
658,660,HAS_PARAM
658,661,HAS_PARAM
658,662,HAS_PARAM
658,663,HAS_PARAM
658,664,HAS_PARAM
658,665,HAS_PARAM
580,666,CONTAINS
666,667,HAS_PARAM
666,668,HAS_PARAM
666,669,HAS_PARAM
666,670,HAS_PARAM
666,671,HAS_PARAM
666,672,HAS_PARAM
580,673,CONTAINS
673,674,HAS_PARAM
673,675,HAS_PARAM
673,676,HAS_PARAM
673,677,HAS_PARAM
673,678,HAS_PARAM
673,679,HAS_PARAM
673,680,HAS_PARAM
681,682,CONTAINS
681,683,CONTAINS
683,684,HAS_PARAM
683,685,HAS_PARAM
681,686,CONTAINS
686,687,HAS_PARAM
686,688,HAS_PARAM
681,689,CONTAINS
689,690,HAS_PARAM
681,691,CONTAINS
681,692,CONTAINS
692,693,HAS_PARAM
692,694,HAS_PARAM
692,695,HAS_PARAM
692,696,HAS_PARAM
692,697,HAS_PARAM
681,698,CONTAINS
681,699,CONTAINS
699,700,HAS_PARAM
699,701,HAS_PARAM
699,702,HAS_PARAM
699,703,HAS_PARAM
681,704,CONTAINS
704,705,HAS_PARAM
681,706,CONTAINS
681,707,CONTAINS
707,708,HAS_PARAM
707,709,HAS_PARAM
707,710,HAS_PARAM
707,711,HAS_PARAM
707,712,HAS_PARAM
707,713,HAS_PARAM
707,714,HAS_PARAM
707,715,HAS_PARAM
707,716,HAS_PARAM
707,717,HAS_PARAM
681,718,CONTAINS
718,719,HAS_PARAM
718,720,HAS_PARAM
718,721,HAS_PARAM
718,722,HAS_PARAM
718,723,HAS_PARAM
718,724,HAS_PARAM
718,725,HAS_PARAM
718,726,HAS_PARAM
718,727,HAS_PARAM
718,728,HAS_PARAM
718,729,HAS_PARAM
718,730,HAS_PARAM
718,731,HAS_PARAM
718,732,HAS_PARAM
718,733,HAS_PARAM
718,734,HAS_PARAM
681,735,CONTAINS
735,736,HAS_PARAM
735,737,HAS_PARAM
735,738,HAS_PARAM
735,739,HAS_PARAM
681,740,CONTAINS
740,741,HAS_PARAM
740,742,HAS_PARAM
740,743,HAS_PARAM
681,744,CONTAINS
744,745,HAS_PARAM
744,746,HAS_PARAM
744,747,HAS_PARAM
744,748,HAS_PARAM
744,749,HAS_PARAM
744,750,HAS_PARAM
744,751,HAS_PARAM
744,752,HAS_PARAM
744,753,HAS_PARAM
744,754,HAS_PARAM
681,755,CONTAINS
755,756,HAS_PARAM
681,757,CONTAINS
757,758,HAS_PARAM
757,759,HAS_PARAM
757,760,HAS_PARAM
757,761,HAS_PARAM
757,762,HAS_PARAM
757,763,HAS_PARAM
757,764,HAS_PARAM
757,765,HAS_PARAM
757,766,HAS_PARAM
681,767,CONTAINS
767,768,HAS_PARAM
681,769,CONTAINS
769,770,HAS_PARAM
681,771,CONTAINS
771,772,HAS_PARAM
771,773,HAS_PARAM
681,774,CONTAINS
774,775,HAS_PARAM
681,776,CONTAINS
776,777,HAS_PARAM
776,778,HAS_PARAM
776,779,HAS_PARAM
681,780,CONTAINS
780,781,HAS_PARAM
780,782,HAS_PARAM
780,783,HAS_PARAM
681,784,CONTAINS
784,785,HAS_PARAM
784,786,HAS_PARAM
784,787,HAS_PARAM
784,788,HAS_PARAM
784,789,HAS_PARAM
681,790,ILLUSTRATES
681,791,ILLUSTRATES
681,792,ILLUSTRATES
681,793,ILLUSTRATES
681,794,ILLUSTRATES
795,796,CONTAINS
796,797,HAS_PARAM
796,798,HAS_PARAM
796,799,HAS_PARAM
796,800,HAS_PARAM
796,801,HAS_PARAM
796,802,HAS_PARAM
795,803,CONTAINS
803,804,HAS_PARAM
803,805,HAS_PARAM
803,806,HAS_PARAM
803,807,HAS_PARAM
803,808,HAS_PARAM
803,809,HAS_PARAM
803,810,HAS_PARAM
803,811,HAS_PARAM
803,812,HAS_PARAM
803,813,HAS_PARAM
803,814,HAS_PARAM
803,815,HAS_PARAM
803,816,HAS_PARAM
817,818,CONTAINS
818,819,HAS_PARAM
818,820,HAS_PARAM
818,821,HAS_PARAM
818,822,HAS_PARAM
818,823,HAS_PARAM
818,824,HAS_PARAM
818,825,HAS_PARAM
818,826,HAS_PARAM
818,827,HAS_PARAM
817,828,CONTAINS
828,829,HAS_PARAM
828,830,HAS_PARAM
828,831,HAS_PARAM
828,832,HAS_PARAM
828,833,HAS_PARAM
828,834,HAS_PARAM
828,835,HAS_PARAM
828,836,HAS_PARAM
828,837,HAS_PARAM
828,838,HAS_PARAM
828,839,HAS_PARAM
828,840,HAS_PARAM
828,841,HAS_PARAM
828,842,HAS_PARAM
828,843,HAS_PARAM
828,844,HAS_PARAM
845,846,CONTAINS
846,847,HAS_PARAM
846,848,HAS_PARAM
846,849,HAS_PARAM
846,850,HAS_PARAM
846,851,HAS_PARAM
846,852,HAS_PARAM
845,853,CONTAINS
853,854,HAS_PARAM
853,855,HAS_PARAM
853,856,HAS_PARAM
853,857,HAS_PARAM
853,858,HAS_PARAM
853,859,HAS_PARAM
853,860,HAS_PARAM
853,861,HAS_PARAM
853,862,HAS_PARAM
853,863,HAS_PARAM
853,864,HAS_PARAM
853,865,HAS_PARAM
845,866,CONTAINS
866,867,HAS_PARAM
866,868,HAS_PARAM
866,869,HAS_PARAM
866,870,HAS_PARAM
866,871,HAS_PARAM
866,872,HAS_PARAM
866,873,HAS_PARAM
866,874,HAS_PARAM
866,875,HAS_PARAM
866,876,HAS_PARAM
866,877,HAS_PARAM
866,878,HAS_PARAM
866,879,HAS_PARAM
866,880,HAS_PARAM
881,882,CONTAINS
882,883,HAS_PARAM
882,884,HAS_PARAM
882,885,HAS_PARAM
882,886,HAS_PARAM
882,887,HAS_PARAM
882,888,HAS_PARAM
882,889,HAS_PARAM
882,890,HAS_PARAM
881,891,CONTAINS
891,892,HAS_PARAM
891,893,HAS_PARAM
891,894,HAS_PARAM
891,895,HAS_PARAM
891,896,HAS_PARAM
891,897,HAS_PARAM
891,898,HAS_PARAM
891,899,HAS_PARAM
891,900,HAS_PARAM
881,901,CONTAINS
901,902,HAS_PARAM
901,903,HAS_PARAM
901,904,HAS_PARAM
901,905,HAS_PARAM
901,906,HAS_PARAM
901,907,HAS_PARAM
901,908,HAS_PARAM
901,909,HAS_PARAM
901,910,HAS_PARAM
881,911,CONTAINS
911,912,HAS_PARAM
911,913,HAS_PARAM
911,914,HAS_PARAM
911,915,HAS_PARAM
911,916,HAS_PARAM
911,917,HAS_PARAM
911,918,HAS_PARAM
911,919,HAS_PARAM
911,920,HAS_PARAM
881,921,CONTAINS
921,922,HAS_PARAM
921,923,HAS_PARAM
921,924,HAS_PARAM
921,925,HAS_PARAM
921,926,HAS_PARAM
921,927,HAS_PARAM
921,928,HAS_PARAM
921,929,HAS_PARAM
930,931,CONTAINS
931,932,HAS_PARAM
931,933,HAS_PARAM
931,934,HAS_PARAM
931,935,HAS_PARAM
931,936,HAS_PARAM
931,937,HAS_PARAM
931,938,HAS_PARAM
931,939,HAS_PARAM
930,940,CONTAINS
940,941,HAS_PARAM
940,942,HAS_PARAM
940,943,HAS_PARAM
940,944,HAS_PARAM
940,945,HAS_PARAM
940,946,HAS_PARAM
940,947,HAS_PARAM
940,948,HAS_PARAM
930,949,CONTAINS
949,950,HAS_PARAM
949,951,HAS_PARAM
949,952,HAS_PARAM
949,953,HAS_PARAM
949,954,HAS_PARAM
949,955,HAS_PARAM
949,956,HAS_PARAM
949,957,HAS_PARAM
949,958,HAS_PARAM
949,959,HAS_PARAM
949,960,HAS_PARAM
930,961,CONTAINS
961,962,HAS_PARAM
961,963,HAS_PARAM
961,964,HAS_PARAM
961,965,HAS_PARAM
961,966,HAS_PARAM
961,967,HAS_PARAM
961,968,HAS_PARAM
969,970,CONTAINS
969,971,CONTAINS
972,973,CONTAINS
973,974,HAS_PARAM
973,975,HAS_PARAM
973,976,HAS_PARAM
973,977,HAS_PARAM
973,978,HAS_PARAM
973,979,HAS_PARAM
973,980,HAS_PARAM
973,981,HAS_PARAM
973,982,HAS_PARAM
973,983,HAS_PARAM
973,984,HAS_PARAM
973,985,HAS_PARAM
973,986,HAS_PARAM
988,989,CONTAINS
990,991,CONTAINS
990,992,CONTAINS
990,993,CONTAINS
990,994,CONTAINS
996,997,CONTAINS
997,998,HAS_PARAM
996,999,CONTAINS
999,1000,HAS_PARAM
996,1001,CONTAINS
1001,1002,HAS_PARAM
996,1003,CONTAINS
1003,1004,HAS_PARAM
996,1005,ILLUSTRATES
1006,1007,CONTAINS
1007,1008,HAS_PARAM
1007,1009,HAS_PARAM
1006,1010,CONTAINS
1010,1011,HAS_PARAM
1010,1012,HAS_PARAM
1006,1013,CONTAINS
1013,1014,HAS_PARAM
1013,1015,HAS_PARAM
1006,1016,CONTAINS
1006,1017,CONTAINS
1017,1018,HAS_PARAM
1006,1019,CONTAINS
1019,1020,HAS_PARAM
1019,1021,HAS_PARAM
1022,1023,CONTAINS
1022,1024,CONTAINS
1022,1025,CONTAINS
1022,1026,CONTAINS
1022,1027,CONTAINS
1027,1028,HAS_PARAM
1027,1029,HAS_PARAM
1027,1030,HAS_PARAM
1022,1031,CONTAINS
1031,1032,HAS_PARAM
1031,1033,HAS_PARAM
1031,1034,HAS_PARAM
1022,1035,ILLUSTRATES
